SiteCode,Lat,Lon
010030010,-1020987.4736,744874.5967
010270001,-694663.0507,900074.9963
010331002,-547976.8235,723592.795
010491003,-585649.5693,873204.9912
010550010,-618622.3825,874848.336
010690003,-917394.0233,962947.8874
010730023,-674592.3905,808117.5001
010731005,-700748.0594,794009.4582
010731010,-673054.1042,831512.2761
010732003,-681443.5572,799134.093
010732059,-678341.1297,805917.6581
010890014,-547342.9912,815155.6752
010970003,-992547.5663,723260.7027
011011002,-795277.6845,869984.0282
011030011,-568026.2694,783986.7187
011130001,-775932.3298,981110.2761
011210002,-700524.0459,852142.7977
011250004,-720422.2842,753185.9622
020200018,3199294.7345,-2756102.8324
020201004,3202780.8467,-2737119.5337
020900010,3478029.7193,-2442387.5512
020900034,3478634.2195,-2442294.0346
020900035,3459678.653,-2429678.5255
021100004,2510514.5541,-2161984.9614
021700008,3205953.7995,-2700105.4178
021700012,3214187.8691,-2699482.2238
040031005,-868457.5084,-1225132.4348
040128000,-491293.3357,-1523172.4391
040130019,-597047.3575,-1416573.295
040131003,-609351.0164,-1393884.5818
040131004,-589882.755,-1408455.8028
040132001,-586377.038,-1419079.9174
040134003,-606902.7343,-1412308.378
040134005,-608067.9079,-1399904.4742
040134019,-609319.3171,-1403107.5758
040134020,-599706.3003,-1415758.4521
040137020,-600998.3255,-1391568.5251
040139812,-603688.8262,-1415573.5936
040139997,-595593.969,-1412119.2401
040190011,-740688.4123,-1341796.0691
040191028,-744523.8892,-1337337.2821
040210001,-669289.282,-1394256.2376
040213002,-613661.288,-1362203.0932
040213015,-664098.9321,-1419067.7485
040230004,-849984.3328,-1350675.4575
040278011,-641800.7663,-1648547.4449
050010011,-598921.3811,386014.3557
050030005,-753610.646,358838.6685
050350005,-517084.7557,499783.2678
050510003,-609488.9207,260979.7443
050670001,-473340.1655,411586.1997
051130002,-599616.1934,154086.2448
051190007,-575394.9778,322189.1615
051191008,-583858.6076,318419.8194
051390006,-746952.4526,294799.326
051430005,-422390.6881,159921.5406
060010007,44996.7032,-2113747.073
060010009,59938.9188,-2142746.036
060010011,70222.6777,-2149424.9664
060010012,67523.0979,-2148585.9104
060010013,76022.8858,-2149463.0577
060070008,267333.851,-2053771.7624
060090001,74895.8876,-2010330.4877
060110007,198574.9124,-2111210.8912
060111002,211826.609,-2084889.7468
060130002,77103.7257,-2125251.7023
060131004,87473.9485,-2150723.6015
060190011,-96678.6046,-1978785.3255
060190500,-77766.5825,-1963659.5086
060192009,-99446.5026,-2032642.9251
060195001,-94290.4499,-1973197.7282
060195025,-103891.925,-1977124.4137
060231004,429785.8676,-2199312.0059
060231005,423843.3222,-2203206.2659
060250005,-627197.2729,-1724747.3063
060250007,-593414.892,-1722398.6505
060251003,-613126.3131,-1728878.3758
060270002,-65218.7901,-1845630.0597
060271003,-168534.25,-1831451.0178
060290010,-263309.745,-1955869.6973
060290011,-317700.9463,-1892585.9072
060290014,-265912.1705,-1958868.3422
060290015,-265959.6625,-1837886.6799
060290016,-270378.9469,-1956291.5298
060310004,-174443.1871,-1981355.3561
060311004,-149992.2457,-1981679.1327
060333001,214840.6721,-2160795.9276
060370002,-420792.7406,-1898081.8821
060371103,-421949.931,-1925667.6703
060371201,-401162.7657,-1948018.0467
060371302,-440193.7485,-1928240.303
060371602,-431146.0529,-1913797.6515
060372005,-416949.8582,-1915439.0017
060374002,-448884.0779,-1928976.884
060374004,-452558.2324,-1928635.2468
060374008,-444808.9415,-1928963.3825
060392010,-72999.8036,-1995055.8641
060410001,92611.5129,-2163281.3408
060450006,234123.7953,-2179075.808
060452002,265337.7885,-2181828.2886
060470003,-29003.3774,-2017852.6767
060472510,-25099.4687,-2020763.9729
060530002,-83226.4329,-2146476.4479
060530008,-127932.4129,-2105972.3115
060531003,-64027.331,-2132607.3609
060550003,123335.6522,-2134819.785
060570005,193540.0905,-2008920.1348
060571001,185477.2016,-1936614.3307
060590007,-453435.2844,-1907422.851
060592022,-480529.5516,-1890288.4895
060610003,162603.5884,-2021402.0083
060610006,146030.7386,-2040180.0597
060631006,266054.2093,-1978584.1
060631010,242716.6874,-1946006.6062
060650009,-512238.9039,-1844652.2176
060651016,-463784.5975,-1809919.6469
060652002,-501394.5382,-1763181.2415
060655001,-479440.0224,-1787519.7299
060658001,-446042.5063,-1858479.9985
060658005,-444884.9078,-1865164.4135
060670006,134235.6593,-2052211.948
060670010,131137.149,-2063762.3767
060670012,137083.3969,-2034060.9854
060674001,130152.4069,-2061102.7293
060690002,-54725.7143,-2105824.8958
060710027,-438542.3005,-1874796.0544
060712002,-433655.0969,-1862343.4047
060718001,-428563.644,-1804786.9448
060719004,-437355.4659,-1843632.9328
060730001,-600989.8961,-1862900.5472
060731010,-591548.5502,-1868971.7625
060731011,-604811.16,-1800251.918
060731016,-576539.1747,-1863060.4237
060731018,-582686.9343,-1850264.9679
060731022,-586241.7526,-1848912.1303
060731201,-521412.1274,-1846962.1068
060750005,67793.9893,-2160250.5551
060771002,61219.3659,-2064562.0306
060772010,43956.9507,-2067778.3479
060792004,-267897.3912,-2095182.4167
060792006,-240252.1571,-2096990.448
060792007,-266092.4433,-2096511.7327
060798002,-214902.6575,-2089610.6968
060811001,33045.2205,-2153613.4033
060831008,-278465.8317,-2086786.618
060832004,-311305.8136,-2097620.2723
060832011,-346240.9205,-2050449.2163
060850002,-33207.5061,-2118219.1115
060850005,11462.3366,-2133145.6787
060850006,9301.1172,-2129852.0647
060870007,-25138.4476,-2152119.5926
060871005,-14465.7881,-2157268.3583
060890004,363550.8193,-2070475.2021
060932001,494442.5936,-2051915.5419
060950004,99791.1753,-2136809.6829
060970004,145569.8563,-2172987.2094
060990005,22007.0932,-2052066.6213
060990006,2045.3853,-2044050.0406
061010003,195900.2711,-2055740.1821
061030007,320330.4005,-2072814.4357
061072002,-155727.8322,-1952221.0254
061110007,-392703.191,-1976302.0608
061110009,-373158.1057,-1965834.9802
061111004,-359267.283,-2000136.5364
061112002,-389628.4813,-1958689.6884
061113001,-382208.634,-1998177.7638
061131003,147579.4032,-2079457.5519
080010008,16265.9189,-718145.3105
080050005,-7832.8878,-727107.8859
080130003,54707.247,-727427.7369
080130012,40170.0347,-741993.498
080310002,8129.6167,-722935.7114
080310026,11397.223,-724032.787
080310027,6249.7123,-725363.8335
080310028,11995.6552,-722631.6441
080350004,-15148.5657,-731964.9386
080410017,-92922.6049,-719902.1389
080450019,1890.9617,-970681.3433
080450020,6595.033,-913188.1198
080677001,-255642.9841,-971355.6963
080677003,-256798.7931,-991916.5262
080690009,99474.9054,-721239.2272
080770017,-33425.6503,-1019320.8231
080930002,-39900.7132,-808914.8569
081010015,-157929.726,-707120.5669
081030006,81315.3564,-1019572.4969
081230006,79289.9207,-693382.3208
081230008,57478.6061,-704890.9418
090010010,354283.8243,1779050.1677
090011123,374034.0187,1753851.8566
090030025,428990.9528,1801415.298
090031003,431374.3485,1804685.2553
090050005,422289.8569,1753366.9206
090090027,374065.206,1797685.089
090092123,398086.159,1780053.3764
090110124,396240.6682,1858853.991
100010002,74000.5595,1652148.7677
100010003,92920.4905,1651052.7236
100031003,158983.7414,1638073.9163
100031007,131965.5479,1624369.142
100031008,137121.9027,1633835.6192
100031012,146674.3912,1618612.5305
100032004,155449.036,1633418.3701
100051002,37007.6402,1656088.1918
110010042,36122.9141,1537105.1595
110010043,41427.2407,1537723.6168
110010051,39498.6905,1543116.9462
120010023,-1047595.6406,1258813.876
120090007,-1202224.2398,1450847.3315
120110034,-1414488.3208,1523751.7501
120110035,-1404427.2755,1530586.8815
120112003,-1385805.62,1534534.8243
120115005,-1386916.3769,1526860.2825
120170005,-1130669.81,1247026.4318
120310032,-965711.9799,1316487.7719
120310098,-989835.25,1320463.3298
120310099,-964616.9169,1324478.8759
120310108,-975540.1215,1320719.1559
120330004,-1012136.3051,806468.5175
120570113,-1240566.2315,1280298.0414
120573002,-1236097.5557,1302356.3993
120710005,-1380267.4531,1358803.1881
120730012,-992115.3947,1068371.0823
120860033,-1427868.4912,1519223.8887
120861016,-1442129.6802,1532685.3358
120866001,-1481780.4207,1513055.6938
120952002,-1154281.0812,1372551.4252
120992005,-1367750.1139,1531707.0351
121030018,-1262971.745,1257413.3793
121031009,-1241580.7435,1250215.4617
121056006,-1225440.3872,1325506.4974
121150013,-1314009.7638,1287428.5066
121171002,-1137118.2236,1374710.4896
121275002,-1082824.6451,1390291.5829
130210007,-726761.2113,1097520.8819
130210012,-722508.178,1105709.0332
130510091,-766809.2706,1327907.039
130590002,-597855.9135,1106142.8297
130630091,-643970.2152,1019543.6034
130670003,-601736.6293,995018.8065
130890002,-634247.1438,1027213.2002
130950007,-864189.4974,1074361.6443
131150003,-582329.621,929603.899
131210039,-623294.0714,1012944.6388
131210056,-625443.7901,1017130.8892
131270006,-874650.2134,1314843.4803
131350002,-601668.0961,1042564.8843
131390003,-561446.4612,1059852.9306
131530001,-745121.1116,1103923.9855
131850003,-934372.5033,1157903.8662
132150001,-774417.6223,983092.9959
132150008,-769869.2072,985798.0452
132150011,-779880.5118,988210.5582
132230003,-616015.1338,958118.8401
132450091,-634066.1855,1229078.3493
132950002,-502962.6961,922186.2117
133030001,-694714.59,1167768.3106
133190001,-711543.4104,1123030.4761
150010007,-316168.7619,-5812918.1743
150011006,-301310.6891,-5778121.1148
150011012,-268182.5241,-5859080.9571
150012016,-322882.6034,-5843565.7272
150012020,-311259.0707,-5874347.9452
150012023,-316138.1782,-5788271.2727
150030010,29924.8787,-5911677.9477
150031001,13397.4405,-5894143.892
150031004,14056.9955,-5895698.2015
150032004,28104.4521,-5897303.1901
150070007,166844.3731,-5968741.6174
150090006,-122946.5201,-5816516.3614
150090024,-117253.769,-5802052.0052
150090025,-112202.368,-5814315.6825
160010010,571928.3497,-1530858.375
160050020,444561.0532,-1254079.2865
160090010,978172.5282,-1454747.039
160270002,573356.1326,-1547253.9486
160410001,330246.0008,-1223848.9777
160530003,438209.3434,-1395857.4977
160590004,705328.9545,-1314178.6093
160790017,996697.6987,-1426085.6097
170190006,40263.1491,620877.475
170191001,31501.7356,611005.1418
170310001,214944.4847,645824.4821
170310022,218121.5057,660701.7119
170310052,247396.0418,641499.8703
170310057,241766.7966,644141.1899
170310076,223973.2643,646489.4869
170311016,228640.9741,636745.5458
170313103,246478.3543,631705.391
170313301,226793.656,639026.4518
170314007,257089.9169,631773.4998
170314201,266354.077,635931.1096
170316005,236224.5897,642596.8945
170434002,223110.8922,612136.0165
170650002,-188219.1915,608553.5128
170831001,-84347.1023,461437.1932
170890003,253173.467,599584.4627
170890007,223444.5067,598247.1183
171110001,272352.7156,600895.035
171132003,79063.3148,557110.5332
171150013,7335.4974,568397.9288
171190024,-128834.0801,478923.7706
171191007,-128375.2204,479311.6432
171192009,-106397.9877,477607.0794
171193007,-110899.5273,480951.1286
171430037,95360.7398,509032.3075
171570001,-184970.0824,511995.8991
171613002,181166.5685,429657.536
171630010,-138731.8819,478270.9271
171670012,-795.1489,511034.0636
171971002,196335.8506,617290.1407
171971011,162044.9428,614379.9028
172010013,271651.3985,534796.8081
180030004,173075.1189,858102.285
180050008,-39087.4376,819085.9099
180190006,-143581.3432,843284.1703
180190008,-130067.6435,848040.3364
180350006,71647.6679,847258.5951
180372001,-141409.2956,744641.0639
180390008,227251.5921,783289.6542
180431004,-141100.774,835208.7603
180550001,-76275.1224,733128.7128
180570007,40307.2628,806326.465
180650003,49437.901,838910.5008
180670004,96261.8922,786468.4224
180890006,213197.4612,668902.3151
180890022,210950.6976,679819.4904
180890026,206501.1919,672283.1731
180890031,209761.9881,676923.5426
180892004,207351.8512,666806.7319
180910011,225225.0201,710926.4569
180950011,61074.2425,827182.3954
180970043,14487.1199,790799.0334
180970078,22237.3361,794167.1335
180970081,18916.3532,786416.6351
180970083,18184.634,793997.7865
180970084,16462.0255,794721.3059
180970087,19536.6878,793132.6651
181050003,-53067.2451,770471.0652
181270024,212946.7983,687923.8161
181410015,229548.4793,763657.9741
181470009,-166584.0177,742679.2615
181570008,84585.825,728164.9388
181630016,-192271.1148,699581.5287
181630021,-188331.4651,695429.0267
181630023,-192465.4546,697461.5905
181670018,-24190.6232,694518.0138
181830003,176457.179,815811.279
190130009,283579.03,284358.1016
190450019,216849.8828,451377.0251
190450021,222753.986,453689.2403
190550001,297283.1909,343788.9756
191032001,192733.0777,351665.3239
191110008,53838.2493,367522.4789
191130040,227486.6762,335589.4261
191370002,108010.4373,75524.5967
191390015,166079.4577,387237.6534
191390016,168113.791,386889.692
191390018,167590.5062,387576.4053
191390020,166764.1848,387700.7658
191471002,347650.6833,99875.3628
191530030,180422.751,184537.7859
191532510,180254.8044,176334.5014
191550009,140386.7175,8177.4626
191630015,182530.7603,424057.0807
191630018,184688.7501,422946.318
191630020,180373.5415,421323.817
191770006,84146.2976,317057.4373
191930021,277695.3077,-30479.6948
200910007,-113087.6612,107026.3601
200910010,-128240.2232,102391.9248
201330003,-257760.833,43549.2502
201730009,-259907.2069,-113238.67
201730010,-254309.6826,-109220.1935
201731012,-249312.0131,-109318.9507
201770013,-108294.4679,23517.7909
201910002,-279236.1695,-113877.5058
201950001,-130182.2344,-307631.2486
202090021,-97179.0557,110978.8608
210130002,-306783.3489,1031920.7199
210190017,-90571.724,1093481.8548
210373002,-49175.4995,936340.9889
210430500,-118921.5356,1068710.6221
210470006,-308055.3394,728030.2655
210590005,-210052.4144,739324.2319
210670012,-154781.9261,947869.7218
210930006,-207724.1408,841145.2485
211010014,-203150.3399,706301.7199
211110043,-149189.2228,837652.015
211110051,-168950.1136,833024.4499
211110067,-148181.6673,850904.6607
211110075,-152594.9536,846646.0555
211451024,-301133.5731,622142.7482
211510003,-188491.8653,969955.1022
211930003,-226513.73,1065532.0242
211950002,-196530.8043,1118015.6948
211990003,-262454.2944,951939.6345
212270009,-283438.893,819060.0284
220170008,-832965.0909,197203.6939
220190009,-1081170.8771,223204.9969
220330009,-1046460.9593,442829.7388
220470005,-1072771.4691,454997.7569
220511001,-1087937.1087,528699.0352
220512001,-1104536.9836,547532.6111
220550007,-1077379.8619,363933.9481
220710021,-1092273.4936,543509.6932
220730004,-823453.832,353373.2835
220790002,-972392.1677,326640.2483
220870007,-1097084.7393,556981.9444
221050001,-1037663.1722,516147.7495
221090001,-1131079.9183,484436.5233
221210001,-1042347.6644,439452.745
230010011,727579.8981,1914957.0486
230030014,1115175.1535,1942538.3605
230031008,1051640.5974,1983857.9037
230031011,1050417.5581,1985926.4598
230050015,682803.9002,1924694.4686
230050029,680640.8286,1924314.9718
230090103,800714.628,2046056.8894
230110016,760402.2327,1938786.2407
230172011,769969.494,1876762.1664
230190002,834155.247,1995840.6105
240031003,74882.1795,1562642.2648
240051007,106557.8314,1555480.4003
240053001,92857.0529,1571490.7055
240150003,145947.6529,1610613.5568
240190004,20277.3877,1615299.7731
240230002,94918.4897,1361673.1718
240251001,106711.4384,1583180.9382
240270006,68287.4582,1545918.242
240290002,104129.7096,1625245.7586
240313001,60753.1135,1525837.2797
240330030,58202.1102,1545392.0626
240338003,34079.3221,1561750.7009
240430009,99565.176,1467008.9254
245100007,92901.2936,1553979.4211
245100008,89105.9706,1566294.9664
245100040,89193.5565,1561482.7068
250030006,490976.994,1739215.0414
250035001,490564.1633,1739398.6746
250051004,450696.3513,1917855.7916
250092006,539229.1119,1908976.5104
250095005,568153.9002,1890304.6937
250096001,559094.8794,1887882.7481
250112005,520270.3205,1784111.1476
250130008,476894.3773,1798864.0633
250130016,467016.6275,1798601.3581
250154002,492461.9902,1812464.3993
250213003,508119.3846,1906225.2133
250230005,494579.3875,1918249.5215
250250002,523133.2489,1903361.7549
250250042,521366.7665,1905028.8587
250250043,525552.7078,1906126.8687
250250044,521462.2234,1907136.5057
250270016,499143.832,1853651.3318
250270023,499640.0597,1853841.3753
260050003,348383.3463,755931.8047
260170014,457780.3632,916401.7771
260210014,284096.9831,750351.3403
260330901,775201.6392,839325.5763
260490021,402323.1878,940863.936
260650012,359679.85,879572.5253
260770008,299541.183,808528.496
260810007,373165.6674,789434.1693
260810020,376329.2903,789673.4983
260910007,283699.0882,935337.5607
260990009,376998.4638,1012385.6412
261010922,517632.6191,730426.1755
261130001,529623.6017,831024.1558
261150006,282113.6576,982776.5264
261250001,343211.0483,986897.6381
261470005,405183.9886,1034389.0431
261610008,314278.8216,958397.1216
261630001,317155.6372,988636.7181
261630015,326421.4031,995277.6521
261630016,332586.5462,995218.3381
261630019,341669.3949,1001407.7719
261630025,336197.0379,968914.9967
261630033,326386.7285,991979.645
261630036,313202.1637,993451.898
261630039,329098.2339,997872.2574
261630093,333837.0852,981744.1534
261630095,336038.4055,969032.296
270031002,573888.1586,206569.4535
270052013,761253.1282,11052.0213
270072304,875717.3613,68575.7683
270177417,750710.3793,251308.3715
270317810,901223.1274,444572.3911
270353204,712049.1819,135447.9338
270370470,529476.1354,205725.9691
270370480,525775.0332,202219.0719
270530962,554626.9691,203661.7609
270530963,553332.935,203444.6898
270532006,552522.659,197162.0576
270750005,891055.2812,317663.9392
270834210,493620.5225,13628.3299
271095008,449171.9993,267509.7158
271230868,553374.6533,215318.9705
271230871,554486.9941,219916.2532
271231908,555624.1913,207704.9879
271377001,840590.9564,246110.4681
271377550,763562.2059,281219.1883
271377554,755041.8494,276060.7685
271390505,534769.6647,185071.824
271453052,617930.7159,137151.9262
271630447,562812.5232,238370.9937
271630448,562014.1696,239000.8181
271713201,580867.5333,172227.432
280330002,-557518.0082,520181.8263
280350004,-940170.9763,609313.4414
280430001,-665639.7452,544501.7638
280450003,-1053989.9832,607688.2393
280470008,-1041718.9599,638720.5687
280490020,-834510.014,521017.5016
280490021,-832806.3176,517052.0037
280590006,-1039295.9814,686133.7848
290210005,-28103.4587,91972.6857
290370003,-136804.5833,116134.7843
290390001,-254675.0621,163247.9119
290470005,-76192.7612,131641.7951
290770036,-301239.9053,225733.3789
290950034,-98488.9569,116271.8768
290950042,-104631.3121,126163.6285
290990019,-158044.7981,460131.2865
291893001,-135470.7077,462479.7447
295100007,-146967.5046,470313.6902
295100085,-134011.6733,474859.2485
295100093,-133961.8176,475552.0294
295100094,-137242.8497,468267.6021
300270006,854314.4868,-960584.5115
300290049,1056340.704,-1265566.9401
300490004,861878.3952,-1143469.3494
300490026,841219.4067,-1149039.0134
300530018,1079053.498,-1358397.4638
300630024,888162.3589,-1287355.5456
300630037,909649.0549,-1297868.4157
300710010,978367.873,-829206.2811
300750001,639858.4595,-688600.1014
300810007,824900.0471,-1310238.9252
300830001,895021.2507,-599303.7138
300870001,640655.8273,-771475.261
300930005,775741.4028,-1196851.3873
301110085,705058.4515,-912984.9082
310550019,138529.8971,2114.9743
310550052,133018.0475,-4467.2452
310790004,107047.2433,-187080.3112
311090022,90435.5092,-54166.7144
311530007,125847.6439,3462.8383
311570004,233548.6479,-596291.7579
311770002,172270.4317,-11455.2955
320030298,-269356.7201,-1609322.398
320030540,-258789.5931,-1609320.9552
320030561,-255771.2007,-1611734.4912
320031019,-292461.7852,-1640795.2588
320032002,-252648.9332,-1611850.6306
320038000,-230319.4207,-1627812.0199
320050007,128920.732,-1914900.3488
320310016,197799.733,-1902797.0481
320311005,198224.7109,-1897582.2531
325100020,156133.2645,-1910459.1111
330012004,645189.3168,1837599.3246
330050007,561526.8156,1798972.5449
330090010,635837.5054,1776211.9457
330115001,562014.9783,1830124.9404
330150014,608104.1245,1907237.2547
330150018,572223.9723,1867006.3126
340010006,146274.6532,1727594.4831
340011006,135646.6237,1731640.6751
340030003,304959.9465,1728012.7354
340030010,305237.1982,1728523.6203
340070002,184388.092,1662468.7208
340071007,191668.0351,1666973.6034
340110007,130861.9374,1683299.6466
340130003,286647.2269,1714582.3082
340150004,170274.1308,1652591.875
340170008,294994.4215,1725334.826
340171003,289787.6662,1725303.7822
340190001,253005.7829,1672490.5167
340210005,229105.8039,1683423.3935
340210008,222170.9569,1683386.6139
340230011,254275.6289,1703089.6204
340273001,284828.994,1675562.1106
340292002,208757.7111,1735482.7196
340310005,308406.591,1711282.1246
340390004,277774.0535,1715485.424
340392003,272450.9282,1711235.5768
340410007,292487.0277,1641878.6855
350010023,-486986.1564,-910417.7254
350010029,-499176.3215,-918119.0199
350130016,-831712.7822,-952045.4032
350130021,-854724.6041,-953350.3533
350130025,-794881.0798,-962949.6798
350250008,-782239.264,-634288.306
360010005,502027.2762,1696672.1299
360010012,506126.5894,1695435.3159
360050110,302408.8662,1734465.6461
360050133,308458.9978,1734916.8047
360130006,395413.8298,1280762.6156
360290002,457104.3955,1311958.1895
360290005,443859.3412,1311528.5137
360290023,449312.7175,1313897.5191
360310003,688870.4366,1641979.9974
360470122,291147.0358,1733519.1168
360550015,491743.9276,1399799.8269
360551007,492011.517,1400455.5647
360610079,300035.7346,1732413.8396
360610128,291575.8972,1730445.7555
360610134,289676.9989,1730000.4456
360671015,505680.5705,1513984.0717
360710002,374037.2775,1708073.2387
360810124,295340.5997,1742797.8689
360850055,278216.3474,1721201.986
361010003,382594.6747,1449815.486
361030002,304105.3806,1773517.6481
370210034,-402937.4654,1144648.5651
370330001,-282861.3435,1393793.5487
370350004,-373623.3464,1245524.0403
370510009,-412819.5614,1462822.8896
370570002,-348599.7053,1336863.9684
370630015,-303979.9839,1446307.3019
370670022,-315690.8799,1334222.8599
370670030,-326638.5827,1326155.4516
370810013,-309532.7568,1369853.4115
370990006,-426917.8845,1087963.7612
371010002,-344980.7506,1492770.7575
371190041,-418998.1583,1303456.1153
371190042,-429878.388,1298187.8876
371190043,-413466.5499,1293541.4349
371210004,-362806.1333,1183610.2569
371230001,-402451.072,1383479.9714
371290002,-467948.8996,1572130.899
371470006,-321105.6384,1584370.0458
371730002,-432386.4578,1074500.4708
371830014,-317922.3419,1477729.6032
380070002,787461.9386,-529495.8021
380130004,975980.3867,-445859.8927
380150003,767300.9419,-342794.9353
380171004,770641.769,-61406.6163
380250003,829240.9181,-465181.8238
380530002,863124.7111,-517712.9733
380570004,823958.4945,-411173.4406
380650002,809955.0568,-387789.478
381050003,928434.061,-536439.427
390030009,147762.8558,944873.1762
390090003,26265.8441,1136053.664
390130006,98934.5032,1219178.0743
390170003,4031.7863,939357.1623
390170015,3595.1455,938643.5227
390170016,-15259.4251,924487.7347
390170019,1835.3556,935286.7003
390170020,1260.3815,936397.9743
390170022,1926.4022,936136.3306
390230005,57657.2932,976588.712
390350034,262179.2353,1125656.8047
390350038,252278.1022,1118729.2313
390350045,252019.5683,1120803.3932
390350060,253983.8547,1118770.5462
390350065,249197.0922,1120804.8374
390351002,241753.0825,1109559.3919
390490024,74398.369,1040423.7667
390490029,85875.5667,1053177.7431
390490039,66834.0671,1042596.1361
390490081,84559.3315,1041687.1039
390570005,43568.3055,972188.9628
390610006,-19777.432,941445.5518
390610010,-30123.3013,916193.5398
390610014,-30230.5216,933556.5464
390610040,-37698.0046,932452.4165
390610042,-40817.0405,928983.6516
390810017,144317.1253,1222083.2092
390810021,139283.0102,1223561.4086
390850007,285156.2968,1148345.4523
390870012,-85446.8117,1091160.9294
390933002,245513.9418,1085485.9777
390950024,249210.2584,971547.2632
390950026,245601.43,964450.3387
390950028,251972.2271,976523.3553
390990005,225436.9167,1205848.7415
390990014,223600.6167,1205101.7487
391030004,203616.4461,1107143.7564
391130038,34513.4595,948073.2343
391330002,223603.1511,1158980.064
391351001,37968.0848,905278.2924
391450013,-61420.6005,1066300.7393
391510017,180202.3098,1153313.3542
391510020,181989.3231,1154725.0024
391530017,209587.5922,1142571.0808
391530023,211355.846,1136477.4033
391550014,236588.0966,1191493.4008
400190297,-637753.7087,-127692.2451
400270049,-518381.8618,-127591.936
400310651,-592836.4775,-210829.696
400430860,-422393.7793,-249037.9787
400710604,-366080.3445,-91151.3428
401090035,-501368.0056,-131002.8262
401090097,-497948.8427,-135309.9935
401091037,-485776.3924,-126287.3544
401210415,-565756.1518,18649.0023
401359021,-508627.2581,126701.8726
401430174,-449122.6206,-424.3124
401431127,-421250.2143,1991.6784
401470217,-343201.5768,9864.438
410130100,730624.353,-1840547.887
410250003,619127.4212,-1730268.0735
410290133,562406.3892,-2051288.2701
410330114,585816.0083,-2082071.8333
410350004,523843.8304,-1969934.5528
410370001,494665.3107,-1867123.7731
410390059,754500.0021,-2013422.8018
410390060,748880.2013,-2010610.3892
410391009,749588.011,-2005189.8025
410392013,705676.2097,-1976110.285
410399004,724117.8594,-2015819.0205
410510080,894789.9827,-1928823.1768
410670004,906067.4243,-1953795.1705
410670005,886903.4154,-1942356.3799
420010001,144939.3367,1491433.809
420030002,166338.4269,1262299.9857
420030008,164123.5956,1271641.7044
420030064,149941.4345,1281690.0832
420030067,151398.4279,1256953.0706
420030093,178711.4851,1264121.423
420031008,184023.8227,1286920.5391
420031301,158627.7802,1280707.2829
420031376,162427.5532,1279815.0946
420033007,146481.3978,1280908.4876
420050001,207827.1707,1295738.2206
420070014,190096.0993,1238344.0205
420110011,217916.4477,1585528.8262
420130801,195059.9475,1394691.0176
420150011,351998.2816,1511910.1047
420210011,162234.759,1356834.6946
420270100,232792.9152,1427174.8337
420290100,161982.6518,1614575.374
420410101,182443.4022,1493655.8601
420430401,188124.0069,1520223.5394
420450002,169196.0118,1645591.2786
420450109,166623.1258,1642759.661
420490003,346349.5445,1233021.2171
420590002,88137.0965,1260254.5594
420692006,338702.9233,1586278.8307
420710007,175961.899,1569054.8745
420710012,178616.1308,1582509.2925
420750100,205764.8871,1554302.9345
420770004,252124.2683,1621553.2181
420850100,238947.6186,1216372.0441
420890002,305048.6131,1618221.277
420950025,255501.6384,1628231.1367
421010004,192939.3432,1662737.6571
421010048,191357.4975,1664505.2304
421010055,182010.7271,1657938.368
421010057,186847.7783,1660497.5951
421010075,199900.4281,1670414.267
421010076,188782.2836,1654720.4776
421174000,338410.715,1480715.0194
421250005,130102.7663,1282467.7068
421250200,127706.1034,1253686.3573
421255001,155577.3224,1235910.1496
421290008,153022.2614,1310551.3882
421330008,160022.0144,1538348.8807
440030002,431656.258,1878409.5724
440070022,458601.4461,1895712.4637
440070026,466493.1643,1896367.7392
440070030,460877.0614,1894890.6717
440071010,463290.5471,1898795.0366
440090007,424955.6956,1904337.576
450190048,-655258.7103,1408283.3552
450190049,-674271.3748,1421266.0311
450250001,-478687.9387,1365222.2429
450370001,-598176.8662,1238514.198
450410003,-515910.8325,1410008.1105
450450015,-484573.7224,1171548.1462
450450016,-492623.0705,1186598.2126
450630008,-554383.4054,1293544.3211
450730001,-499104.0842,1101648.1812
450790007,-546927.1449,1309394.7239
450790019,-559026.1235,1305922.0928
450830011,-465910.0081,1211543.6509
460110003,483296.8557,-60508.0274
460130003,609316.781,-182931.9113
460290002,544783.7889,-83843.6034
460330132,418511.1816,-567522.8795
460650003,493398.2109,-321088.879
460710001,430713.5972,-449364.6119
460990008,394268.7446,-53209.2659
461030020,475891.1475,-546922.9742
461031001,474615.688,-543585.8643
461270001,305798.6266,-54386.3586
470090011,-401436.8107,1027072.2912
470370023,-384395.0666,785200.7293
470370036,-391967.1094,774469.3979
470450004,-417662.7537,562565.7829
470650031,-500665.9303,926963.6264
470654002,-494946.2027,921930.375
470930028,-383160.4993,1016567.9786
470931013,-377955.7224,1025347.6579
470931017,-378522.1734,1023283.662
470931020,-373132.37,1029165.692
470990002,-507597.2302,734429.356
471050108,-408281.0668,995662.2943
471071002,-443712.035,976086.3734
471130006,-458356.1112,614659.3169
471192007,-444611.4948,768070.071
471251009,-351957.5932,731833.1444
471410005,-371879.7336,890347.4903
471450004,-389314.8148,973814.296
471570047,-519271.6742,514738.5175
471570075,-520190.9302,529593.0929
471631007,-299958.7756,1134615.8469
471650007,-370275.5305,791066.6177
480290032,-1159654.4917,-243788.5573
480290059,-1186994.289,-215768.6432
480370004,-727753.9495,170311.2315
480371031,-726619.3149,169670.8589
480610006,-1563405.8793,-145598.0069
481130050,-801504.4227,-71058.9069
481130069,-796374.6952,-76572.0205
481390016,-833699.6419,-91842.2744
481410037,-858669.5097,-946249.4751
481410044,-859433.856,-942153.2052
481671034,-1191389.056,106322.6684
482010024,-1120154.3338,62389.0416
482010058,-1134355.0434,89846.2093
482011035,-1138650.4984,68886.9996
482011039,-1145605.9754,80931.4631
482011052,-1129784.0559,56755.1257
482030002,-811843.2223,163470.5324
482150043,-1524831.3396,-222357.0508
482151046,-1518248.344,-208705.5412
483550032,-1351680.0463,-136196.1034
483550034,-1350817.2621,-139428.8224
484391002,-797415.0534,-120789.2683
484391006,-802610.1457,-119597.8466
484391053,-813085.7353,-119371.5074
484530020,-1054082.1796,-172006.7848
484530021,-1078751.071,-157822.1107
490030003,276157.2415,-1250048.7944
490050007,312155.5288,-1230434.5646
490110004,209819.0066,-1251051.9613
490130002,118731.1697,-1115022.5085
490351001,191484.1375,-1271239.3836
490353006,191432.8538,-1253309.6195
490353010,197474.6876,-1256977.7215
490353013,167468.1719,-1270807.6755
490450004,183321.042,-1293599.8586
490471004,132047.5029,-1076801.5477
490490002,135752.2456,-1246147.4471
490494001,146048.0532,-1248453.1257
490495010,122888.3337,-1248177.3359
490530007,-175715.6319,-1439844.2638
490570002,244245.1873,-1252260.997
500030004,537956.7862,1727628.2279
500070007,721691.7797,1710063.3721
500070012,710060.7577,1686380.3778
500070014,709692.7675,1686771.0456
500210002,620551.7046,1727430.7498
510030001,-74906.5319,1436487.3964
510130020,33682.0218,1535521.7321
510360002,-134099.4201,1553912.018
510410003,-127549.6775,1536190.4422
510410004,-138337.8029,1526283.9787
510590030,23752.8421,1533821.3976
510590031,21883.3296,1527631.4342
510690010,62963.5729,1444546.1272
510870014,-113446.6086,1537600.8504
510870015,-103762.7815,1521491.4184
511071005,44661.3445,1497399.2767
511611004,-182518.4038,1339900.4236
511650003,-36131.8569,1402532.2498
515200006,-287844.4869,1163316.1233
516500008,-144941.1499,1630850.6016
516800015,-167072.7926,1393941.0445
517100024,-170299.929,1643782.6888
517600025,-110876.2504,1531205.9327
517750011,-183816.1501,1323451.4698
518100008,-169603.1051,1653975.5765
530070011,1056139.2503,-1712155.2031
530110024,910075.8599,-1923030.5345
530330030,1112605.9149,-1842225.0754
530330057,1108989.4069,-1844676.8484
530330080,1109293.1417,-1842389.9
530332004,1088295.375,-1842816.8432
530350007,1118390.4522,-1863291.4947
530370002,1013157.0628,-1739044.7687
530530024,1076007.2149,-1863771.1718
530530029,1071530.8963,-1864301.5448
530570011,1216910.5192,-1832630.6002
530610005,1134835.0561,-1835382.1234
530610020,1167672.2461,-1773345.9779
530611007,1158344.8046,-1817714.7024
530630021,1029590.8415,-1500637.7101
530730015,1239216.4942,-1813268.6194
530770005,930476.5227,-1720875.6698
530770009,969892.4482,-1747581.9892
530770015,943351.6305,-1742392.5739
540030003,83025.6881,1450256.8498
540090005,141789.5568,1224049.1927
540090011,147455.5444,1221852.2365
540110006,-91836.6052,1111491.2083
540290009,151298.8771,1222772.2499
540330003,28972.4518,1264287.2708
540390020,-90246.6173,1178212.4989
540391005,-89000.5681,1171969.6898
540490006,54112.3486,1276959.7406
540511002,93416.7092,1221134.6092
540610003,75484.3462,1290710.4733
540690010,115634.0564,1220042.0063
541071002,17769.3435,1166636.8588
550030010,744829.5013,385594.7401
550090005,526996.7037,597782.6033
550250041,362940.9896,507560.0973
550250047,359453.8287,501793.1725
550270001,407724.8537,560404.6153
550350014,538554.646,361420.1877
550410007,639088.5014,527769.0044
550430009,311070.4755,407892.5652
550590019,306632.3834,631508.0268
550630012,429046.1209,360918.9745
550790010,362425.4107,616931.9486
550790026,367462.1086,618007.4464
550790058,352905.234,617873.421
550790099,365077.7536,617659.7761
550870009,502285.3508,569715.5319
550890009,416537.5291,621527.9222
551110007,398230.9415,480387.5349
551198001,590234.2037,399051.0452
551250001,688455.6363,462059.7344
551330027,360923.5391,595406.0459
560010006,185405.7175,-753109.0888
560050891,440569.8067,-697245.7145
560050892,491172.2908,-701924.5208
560051899,537528.6218,-711921.0512
560071000,251068.3759,-866091.3789
560090009,417295.6845,-713015.2988
560130099,349527.6489,-978456.0842
560130232,398298.7978,-881159.9641
560131003,383918.0433,-974876.245
560150004,275829.6632,-661897.7526
560150005,257161.0482,-634165.1755
560210001,160284.4798,-694387.8085
560210002,158765.1188,-689406.1815
560210100,164654.0535,-690837.0211
560250001,361606.1788,-791077.2089
560290001,573559.028,-973547.7541
560330002,583906.0932,-812953.1289
560331003,581764.0788,-813410.3348
560350101,399777.6623,-1060580.6657
560370007,251889.5167,-1031807.3618
560391006,477180.646,-1117161.124
560391013,576160.56,-1106238.5109
560450004,455562.4453,-619089.9173
720010002,-1919886.1924,3074701.0218
720210010,-1874607.2762,3124236.4738
720530003,-1859956.9814,3179134.2941
720570008,-1923530.3691,3139269.3082
720590016,-1936143.1362,3071519.4768
720610005,-1871268.9338,3127169.5088
721130004,-1933945.9743,3090535.1939
800020012,-632997.8493,-1722611.4536
800020014,-631430.999,-1727498.2177
ACAD1,800717.6774,2046048.0749
AGTI1,-512928.6566,-1834111.679
BADL1,430479.5622,-449378.408
BALA1,1358334.5506,-1261872.9789
BALD1,-572615.3887,-1171984.745
BAND1,-418979.63,-875049.1795
BIBE1,-1160285.4399,-669118.2484
BIRM1,-674586.1991,808134.5893
BLIS1,145186.1842,-1941772.6323
BOAP1,-623589.5597,-949962.0092
BOLA1,394931.3094,-1043399.098
BOND1,31410.1242,610949.2624
BOWA1,890831.1989,317679.9934
BRCA1,-145068.8748,-1338103.8094
BRID1,410006.7294,-1050257.9579
BRIG1,146279.9434,1727554.9128
BRIS1,-1077623.1527,575547.0275
BYIS1,7011864.52,-7518839.8749
CABA1,703351.5756,1933812.7777
CABI1,1033394.2845,-1376860.7637
CACO1,506303.6366,1994852.1861
CACR1,-613812.1606,161617.0034
CANY1,-84998.1933,-1130972.6327
CAPI1,-82855.7251,-1253219.4472
CEBL1,-130180.0838,-307629.5228
CHAS1,-1154888.9475,1259111.2633
CHIR1,-798064.7837,-1200857.5592
COHU1,-517227.6208,982708.2345
CORI1,879747.3984,-1810643.0283
CRLA1,607833.6371,-1977851.8544
CRMO1,512803.6453,-1326565.4048
DENA1,3407804.5276,-2562993.1746
DOME1,-244976.9764,-1873669.6735
DOSO1,23210.6912,1340941.6883
EGBE1,578283.1319,1211363.7442
EVER1,-1493890.8251,1495454.1406
FLAT1,993137.6977,-1284138.0085
FLTO1,50803.7557,-932061.9134
FOPE1,955060.0837,-637107.7853
FRES1,-97077.0655,-1978807.4049
FRRE1,94899.1302,1361660.4211
GAAR1,3771617.0233,-2467835.2419
GAMO1,855770.4674,-1124359.0853
GICL1,-679568.0252,-1080003.8011
GLAC1,1069679.5655,-1249127.9265
GRBA1,37722.5233,-1474317.792
GRCA2,-327612.9224,-1354518.8964
GRGU1,730261.4479,1835783.7473
GRRI1,446084.2547,346551.6761
GRSA1,-211232.5751,-788989.5312
GRSM1,-416327.2955,1029105.9875
GUMO1,-867720.9101,-793628.312
HACR1,-137588.2325,-5801836.5126
HAVO1,-317166.0093,-5809677.1818
HECA1,728573.1694,-1532944.916
HEGL1,-371480.2285,259718.3231
HOOV1,30406.5145,-1893728.4936
IKBA1,-510492.3929,-1360360.8595
ISLE1,852913.147,557892.7355
JARB1,371320.7392,-1502824.5476
JARI1,-139510.106,1363627.3661
JOSH1,-458978.8968,-1769160.444
KAIS1,-63230.1365,-1916180.7899
KALM1,614761.5015,-2130476.7873
KPBO1,3148566.3469,-2917040.8579
LABE1,467917.8983,-1967914.1582
LASU2,83939.1933,317099.9267
LAVO1,344402.4878,-2009298.4507
LIGO1,-354562.4039,1193453.5963
LOND1,572210.878,1867013.134
LOST1,975979.0202,-445887.9397
LTCC1,136866.0044,-1932831.0627
LYEB1,551831.3815,1750985.4567
MACA1,-273727.0833,823653.3006
MAKA2,1235485.9101,-1973912.7161
MAVI1,420969.0844,1957592.9223
MEAD1,-289538.8513,-1527939.8439
MELA1,970650.2196,-591534.1028
MEVE1,-239320.4852,-1041991.4565
MING1,-320327.7649,491402.7986
MOHO1,855496.8305,-1877518.3557
MOMO1,422295.5431,1753362.2491
MONT1,906755.6494,-1220332.2743
MOOS1,902584.3105,2091158.8057
MORA1,1019219.4783,-1855361.8187
MOZI1,109612.4778,-847978.2893
NEBR1,217824.3761,-338105.2677
NOAB1,600246.5648,-992906.849
NOCA1,1209141.7965,-1722338.4865
NOCH1,672511.0107,-772775.0343
NOGA1,-849950.5999,-1350709.4576
OKEF1,-930632.6491,1265199.8983
OLYM1,1169513.4399,-1873296.9526
ORPI1,-753715.5575,-1504998.9859
OWVL1,-65216.2311,-1845631.1396
PACK1,562023.0864,1830125.1242
PASA1,1151154.7153,-1656005.1885
PEFO1,-456548.949,-1183364.2816
PENO1,852662.3991,1999589.1442
PHOE1,-595596.7785,-1412122.4305
PHOE5,-595596.7785,-1412122.4305
PINN1,-97977.8156,-2100152.3609
PMRF1,721693.6074,1710065.9856
PORE1,117855.2852,-2189190.1227
PRIS1,1051537.859,1984276.2446
PUSO1,1109504.3218,-1842569.3252
QUCI1,88406.6895,1172775.3054
RAFA1,-311306.2996,-2057145.4155
REDW1,510459.9072,-2165779.6064
RMHQ1,80349.0226,-761991.0658
ROMA1,-653145.6771,1444718.4609
ROMO1,70910.3681,-761532.8004
SACR1,-691537.1153,-740580.4189
SAGA1,-401337.6855,-1902665.735
SAGO1,-435213.4702,-1810713.9675
SAGU1,-761293.5678,-1317801.0868
SAMA1,-1028079.7341,1090231.0727
SAPE1,-387456.9163,-921020.6673
SAWE1,-746123.2584,-1359023.068
SAWT1,610775.3951,-1412493.6153
SENE1,738935.7882,727929.2881
SEQU1,-148653.8976,-1909977.9035
SHEN1,-25189.5765,1432584.8551
SHMI1,-238787.767,-957021.0512
SHRO1,-428796.2702,1131901.3042
SIAN1,-548645.2371,-1301203.0799
SIME1,3053605.0246,-3644166.4654
SIPS1,-591857.9359,753839.5438
SNPA1,1076072.1222,-1786708.476
STAR1,785259.2949,-1646338.6482
STIL1,-470807.3029,113683.2626
SULA1,780792.5516,-1307322.4435
SWAN1,-320773.4509,1685146.6075
SYCA2,-416038.074,-1370067.112
TALL1,-173703.8514,-46034.6897
THBA1,553345.5846,-691333.704
THRO1,787512.5072,-529431.8658
THSI1,754519.0054,-1927237.4778
TONT1,-593970.83,-1323411.7576
TRCR1,3316465.3928,-2708658.6483
ULBE1,905515.7328,-900140.8499
UPBU1,-459643.4915,238712.5306
VIIS1,-1835789.3043,3263639.0371
VILA1,107998.1806,75520.7712
VOYA2,938647.3904,221902.3865
WEMI1,-196284.6666,-978076.488
WHIT1,-680729.0273,-839771.0104
WHPA1,990082.7178,-1808561.2562
WHPE1,-337587.3274,-796619.0148
WHRI1,-41691.0319,-877638.175
WICA1,418506.3781,-567518.7051
WIMO1,-581125.8333,-235164.7576
YELL2,592091.709,-1071021.8095
YOSE1,1351.3885,-1946702.1199
ZICA1,-176057.2647,-1426760.1605
011170006,-701144.3509,810266.5389
020900039,3460989.1284,-2432514.2124
021700013,3224570.3822,-2715145.6925
040213013,-651377.574,-1410938.0473
051191004,-578207.9537,325576.3393
060230006,446367.601,-2152346.8167
060379033,-358853.8463,-1901396.8986
060710306,-392698.2115,-1838114.4862
060731002,-547068.3646,-1851664.5484
060798001,-215175.0141,-2089852.9162
060830011,-351227.0548,-2039420.847
080010006,16000.0941,-718097.1275
080830006,-221481.7679,-1048092.2343
090019003,345864.7329,1769645.7475
120571111,-1240566.2315,1280298.0414
120990009,-1340225.4064,1513021.3165
181070004,35776.2708,734829.7193
191930019,280197.6062,-30889.4852
270531906,552477.1485,202049.2542
271231907,555723.5118,216378.9449
271377549,758234.8624,279433.7057
280490010,-828005.526,524326.7903
290770032,-307481.2913,227176.2375
340172002,295282.5236,1725631.4648
340218001,229872.0001,1672564.1794
340230006,255556.98,1703356.984
350010024,-494896.1172,-910784.9442
350450019,-289664.3855,-1021267.9694
370010002,-305737.7099,1403152.4736
370610002,-405815.8977,1548781.2118
370710016,-422786.4495,1272008.6309
370870012,-419021.1823,1112722.1996
371050002,-375508.0625,1426424.4857
371110004,-386593.4748,1193193.5013
371170001,-294469.1861,1618230.0507
371590021,-379245.1996,1330691.3341
371890003,-323627.7659,1211826.3923
371910005,-361303.8569,1536931.4331
391550005,236518.0385,1191445.3158
400850300,-678302.983,-111933.9866
410597002,835760.5597,-1646902.4835
420170012,207526.0077,1677064.4263
420910013,200270.7082,1643626.4527
420950027,256299.4531,1622884.0284
421010047,184761.8712,1659088.1336
470651011,-473699.87,929076.8982
490050004,299755.4871,-1231451.9783
511390004,-10939.5283,1423987.7705
540390010,-90411.7171,1177642.229
540810002,-143657.0907,1222317.6508
560030003,599784.8921,-918138.2105
560090801,343864.1661,-714050.8569
721270003,-1868118.2651,3133068.0588
780100012,-1900399.9774,3288016.7303
ATLA1,-634241.8105,1027228.4759
BLMO1,412731.2666,-14486.2468
BRMA1,718762.3641,1877164.3021
BYISX,7011864.52,-7518839.8749
CLPE1,530777.7419,-819428.5746
CRES1,213521.223,-502118.2464
DETR1,317150.1759,988613.9967
DOUG1,-868457.2389,-1225134.2311
ELDO1,-253465.1867,163238.3808
ELLI1,-427280.3668,-334572.6619
PITT1,164122.2483,1271646.8017
QURE1,492452.6989,1812425.1922
QUVA1,-630814.5935,-1345642.9944
SYCA1,-418780.5931,-1369407.3431
TRIN1,398369.3743,-2095054.4719
TUXE1,3177608.7417,-2961712.063
WASH1,36110.6504,1537079.384
YOSEX,1351.3885,-1946702.1199
010736004,-673078.3955,809612.3106
021220008,3171748.7301,-2857415.2489
060371002,-408257.1406,-1930378.3685
060390500,-52386.0077,-1960429.2419
060651003,-452132.859,-1858555.1479
060710025,-436331.0414,-1880896.0516
060730003,-586109.0649,-1848686.1696
060731006,-584114.8615,-1832325.584
060731008,-530854.1366,-1877025.0709
060871004,-16269.078,-2157062.315
060893004,372587.7122,-2069526.8323
060893005,379095.0729,-2067473.7837
080350005,-39993.6199,-707957.9394
090032006,426784.0197,1805667.8133
090113002,414574.5309,1854091.0421
110010041,39506.8287,1542728.0718
120111002,-1410971.8566,1525046.899
150012021,-234632.6606,-5817831.5611
220190010,-1085820.7491,256902.5444
220470009,-1073825.5314,431633.2841
250132009,466547.7035,1798216.2657
250230004,496323.5917,1917547.0109
250250027,526361.2703,1905301.3412
270530909,559783.3148,201878.6411
270531904,553188.6744,204483.3203
270531905,556318.915,200201.3388
271231902,554033.5094,213168.5614
271231903,550848.7257,217683.0529
271695220,458025.6762,328038.7105
320310022,198066.2664,-1900822.5668
330111015,560145.9407,1865216.6475
330131006,599524.3676,1853232.2382
340270004,289864.7756,1690081.2084
340390006,281118.6994,1714216.752
340410006,266082.8371,1638872.9509
350490020,-433911.6624,-849862.1981
370370004,-338064.9644,1430673.8538
370810014,-317041.3544,1353405.8043
371550005,-456627.6024,1467849.3126
390490025,66814.4978,1042522.6461
390610048,-36158.5636,929442.2093
391130032,35144.4409,948883.7037
421255200,138708.7415,1253174.7151
460110002,479034.5858,-60051.6072
460990006,393880.7424,-55160.8035
471451001,-391351.3151,977438.9806
471453005,-393132.7977,975908.5677
471453008,-392342.1846,978126.1563
471453009,-394461.8373,976672.9328
471453013,-390528.394,976221.6712
490450003,176304.8379,-1290523.5573
530110023,910826.4321,-1923013.7529
530670013,1062464.8595,-1894687.4802
540291004,150816.8294,1223793.2546
560370100,249908.5449,-1031011.1331
720210009,-1877435.6833,3122890.2033
720690001,-1891390.3799,3166314.2847
720970006,-1931386.387,3031247.145
020900033,3459664.0615,-2431870.7661
040051008,-416338.5967,-1341299.7363
040252002,-472825.1608,-1410914.5875
060231002,432040.7277,-2197307.962
060631009,242199.2779,-1946231.1433
060970003,147213.5246,-2163203.3715
061050002,396038.652,-2107092.3686
090091123,374800.8582,1796350.6189
191630019,181028.9117,421700.5432
201070002,-206218.9061,104658.1791
201730008,-259073.3844,-107864.2257
202090022,-105121.1714,106275.297
211451004,-300677.5088,616617.877
261150005,263193.7558,975476.8713
261210040,399029.1374,743514.4155
261390005,364862.6753,776973.4903
261630038,329931.3214,994539.6663
360130011,368800.0891,1264364.5185
360632008,463518.6508,1292849.2782
370650004,-295797.1349,1544981.9749
371070004,-369005.0011,1575800.4585
371210001,-362646.564,1182615.1621
371830020,-333510.5087,1471521.7958
390811001,139585.4145,1223643.4232
410590121,836917.6414,-1656747.3202
421011002,197615.4446,1669501.5221
461270002,316870.7177,-57380.8303
480612004,-1544260.1545,-113026.5345
490475632,61141.0554,-1049706.1247
490530130,-176060.4028,-1426743.7205
490571003,255053.6626,-1251329.0791
517700015,-182063.0915,1333773.6075
530110013,910595.7099,-1922841.1054
560090819,417411.6744,-712841.1299
560350097,417587.1761,-1095227.9655
560350700,360373.621,-1084460.9986
DEVA1,-186392.273,-1746779.233
INGA1,-314012.6124,-1364602.8818
020200052,3202523.3859,-2759070.1805
050450002,-537216.0999,307977.2257
051070001,-593093.51,470414.2924
051150003,-522137.6597,249498.4762
060070002,266927.1494,-2054030.7161
060190008,-97127.6683,-1978820.073
060730006,-577411.9581,-1863711.4157
080310023,11187.5255,-720126.1877
080310025,3001.4291,-724294.1496
090013005,343866.2454,1764410.1431
120990008,-1347984.846,1472022.1356
130510017,-768495.8297,1329812.1857
130670004,-615111.8414,991920.8067
130892001,-610651.6643,1025093.5002
131210032,-620886.5076,1016697.2895
132450005,-629724.816,1231154.8476
180670003,96517.7271,784584.3301
180892010,217371.6002,663204.5129
212270008,-285285.3299,816242.3798
250170009,547350.9439,1875355.3571
270210001,796843.2784,132224.197
280490019,-834275.7859,522486.1092
360050080,304226.2679,1732538.1699
410432002,780414.1704,-1973255.8942
440070028,458917.6404,1896246.0754
450450009,-477201.9569,1179317.8894
515100009,28796.0215,1537796.4313
560050800,511075.4145,-712020.6316
560130900,428180.6518,-956510.6374
560330003,583023.2565,-814581.9872
560350705,399741.3586,-1059825.1802
560370870,257826.9648,-1073704.2065
HALE1,-131020.9355,-5801235.511
LYBR1,568341.4785,1729568.2602
WRIG1,-399403.8629,-1871836.5707
010731009,-689141.4093,766080.6121
010732006,-692998.8818,809834.8286
010735002,-656553.1323,819180.1476
010735003,-648279.3816,794194.9772
010972005,-1025605.9347,721224.7041
011270002,-647663.4298,765018.2059
020904003,3481906.9958,-2448759.8798
051310008,-510531.9198,135333.3743
051450001,-518632.8874,368592.9311
080390001,-52071.5099,-700112.6516
180510012,-152101.9034,713480.0218
180830004,-107199.6165,695543.8835
180890027,203402.5635,670957.4986
181630020,-192454.4511,696645.4144
190130008,282548.2041,282232.1088
191130037,230658.4901,336090.1602
191710007,225494.5831,260520.0505
210290006,-175459.0466,849242.3755
210670014,-157753.8727,947428.6037
210730006,-141273.1765,917827.3223
220550006,-1070893.1165,366804.9762
240330025,44901.8879,1543739.31
245100006,94225.1361,1562249.3025
271377551,757669.7763,278288.9951
280670002,-898785.26,620037.3051
280750003,-821240.712,650431.9899
280810005,-611385.9903,630581.164
300290007,1058046.8535,-1264250.0577
300290009,1062404.911,-1274885.9277
300290047,1040185.8668,-1277160.5723
300310008,733822.35,-1106073.5598
300310016,611136.4214,-1121269.8388
300310018,735956.7451,-1104719.4229
300630031,891364.2971,-1284858.0467
300890007,989001.5216,-1361386.5434
350050005,-697483.6023,-751770.3815
350171002,-727027.3415,-1089769.3669
360590008,285699.7281,1752377.2123
360850067,274513.4872,1723087.6191
361191002,317459.4601,1741841.6846
390250022,-39019.5899,962149.3551
391650007,-1737.9634,952633.2024
400159008,-540111.1105,-194238.233
400970186,-409952.6912,58421.2603
401010169,-470947.8877,53153.4081
410390058,754368.6417,-2013343.4719
490137011,112375.5353,-1130016.1484
490495008,157012.9199,-1253846.8661
530470013,1145097.7421,-1628019.8981
550350100,542818.6888,334896.5917
COGO1,894264.719,-1898862.6695
RICR1,65953.8061,-904583.0419
SAFO1,-2238.3039,34668.9408
060011001,32983.5147,-2132652.1876
090050004,407534.8214,1774749.3788
090090026,373131.1278,1798634.8645
090092008,376956.1775,1795565.5687
120010024,-1053087.3801,1257727.854
120570030,-1243717.0952,1276698.0767
120951004,-1158975.357,1374950.9036
121111002,-1264675.5499,1482885.8373
150012017,-316230.542,-5785517.0385
170010007,219.0103,374679.7523
170190004,40328.4903,621757.9545
170310050,220165.3841,658214.326
170312001,214218.4898,648718.0018
170971007,302517.1786,631821.5408
170990007,164477.0807,546374.4716
171634001,-146964.6069,492584.3709
180950009,59308.3355,825144.6017
181670023,-27260.3734,697316.999
211170007,-44119.9302,931548.8654
211830032,-259990.3349,754248.6851
220331001,-1032198.6761,435392.1369
260330902,774185.7875,841827.6038
260330903,768617.5586,822473.2897
280010004,-925803.1592,417274.3044
280110001,-680579.7938,463567.8645
350130017,-855031.7809,-950987.681
360291007,437865.174,1309522.9936
390617001,-33763.086,935703.6432
390618001,-31885.5696,932687.6483
391030003,208206.3631,1107406.7723
400019009,-470813.0251,113671.3819
401159004,-341026.9813,97555.4123
401359015,-489813.0104,100211.8081
401430110,-428444.8779,6340.9028
410170120,714979.6881,-1881512.6941
410250002,618871.3001,-1730604.077
410291001,585911.7429,-2043881.9085
410510246,903057.8707,-1931321.8545
410610119,790073.8377,-1613351.8855
420030095,163331.4762,1253406.4447
421010024,201816.5239,1667760.2315
450190051,-668505.2293,1420391.8082
480430101,-1160292.3628,-669101.0109
481130087,-812290.1856,-77787.6815
481350003,-885851.9363,-571750.1193
481410053,-859746.7014,-946355.3374
482450021,-1115738.2756,193521.5134
483030325,-694687.3604,-514985.3135
483611001,-1097419.2143,206743.6376
483750320,-516040.8698,-508554.1797
510591005,29720.3219,1527662.9533
510595001,39481.0543,1522707.6659
517000013,-147049.7439,1623245.5191
550710007,488743.5743,629649.0966
551091002,573776.3768,246917.8923
ADPI1,382568.8448,1449811.373
AREN1,145314.1849,1491501.7701
CADI1,-326238.7428,685220.3733
CHER1,-337387.7247,-86606.6226
LIVO1,-119931.1544,797638.9935
MAKA1,1242541.1364,-1969774.4671
MKGO1,266713.7164,1238637.1162
NEYO1,302421.5524,1734470.6677
SIKE1,-875025.9663,320611.8433
011010007,-794035.5503,867882.625
040270004,-642617.3196,-1651856.3801
060452001,265488.5488,-2181864.612
081010012,-159257.6902,-708448.0968
120051004,-1038735.1237,956394.6093
120112004,-1394451.4675,1532999.7338
120113002,-1418613.4162,1534020.7125
131150005,-581847.3012,931172.6165
160010011,574461.7471,-1524249.8528
160770011,438479.728,-1261410.927
180970066,16699.462,795228.603
181410014,225936.648,764587.172
181630006,-192838.9578,696730.2004
181630012,-187329.9805,696033.4979
191970004,301677.1601,180404.0377
260470004,643408.1947,811242.6818
270530961,544650.4743,203653.7841
270531007,562802.7004,200154.1245
270953051,691382.8897,162832.9702
271230866,547853.9061,221528.9997
271630446,562765.6214,239055.7429
280870001,-694449.2184,667965.6376
291860006,-207919.7157,491667.4734
291890015,-156800.182,465685.7614
291892003,-135534.5328,462454.9905
295100087,-135445.5012,476041.8067
300131026,924606.4739,-1081240.1291
300490018,835497.8994,-1151745.1783
301111065,706577.8736,-906514.4252
311570003,232288.7952,-597053.9417
350431003,-474897.9966,-914622.5212
360893001,700446.8196,1555176.9637
371470005,-326399.1675,1583043.3555
390350027,252440.376,1117001.8986
450410002,-522285.3948,1403784.019
450450008,-484981.6742,1172631.1311
450791001,-541489.3269,1316817.1738
450830010,-470127.9558,1205165.7446
490350003,181310.6993,-1253278.8676
516500004,-156288.4569,1632339.3051
530630016,1028210.3363,-1500477.5119
550270007,404858.3444,567753.0132
550790043,363654.1411,618530.708
550790059,355597.2449,617468.483
PETE1,2287703.2593,-2147164.0496
060371301,-437102.1067,-1927985.8835
080410011,-95135.5751,-720050.369
131210048,-625380.1106,1016738.2912
160270004,571426.2854,-1547740.7924
180370004,-144083.5226,742439.4912
180370005,-139928.9858,744562.3062
191930017,279706.9479,-29941.4415
211110044,-153493.3627,841149.5688
211110048,-147637.3603,844419.7316
245100035,82574.1147,1564983.5559
271630445,561725.5504,238638.6757
290990012,-159071.1218,463027.5164
291831002,-110214.9187,471036.8297
300310006,727390.7781,-1098972.1992
330190003,606824.1535,1781710.7262
340030007,299844.9108,1723524.3547
340030008,299802.4069,1723542.1691
340030009,301563.9973,1723125.4872
340070003,183660.741,1664922.1069
340130015,287276.3533,1712806.5097
350450006,-294160.4451,-1026670.6875
360610056,295046.2401,1731009.8333
371350007,-320659.1288,1436352.5249
390610043,-18994.905,937409.5244
390853002,284656.8256,1148401.89
390870010,-84205.3918,1090472.2379
390950025,252350.3185,976646.2883
391550007,234896.1092,1192906.1842
410399002,723266.1733,-2016463.8443
410591002,865474.7059,-1684151.0289
410591003,864013.892,-1683020.5549
490353007,189271.9699,-1261462.5238
490353008,169640.1157,-1269348.874
490570007,241440.4335,-1253362.5144
517700014,-186959.684,1332181.0781
530030004,889666.4285,-1511467.1466
530070006,1053722.8148,-1711073.9506
530330024,1128628.9544,-1834563.8039
560050877,443910.3788,-698663.1689
560050899,533565.6826,-713239.5067
OMAH1,238704.2603,-33524.777
010530002,-946827.5057,812257.6919
040070008,-527838.0426,-1332037.1948
120330027,-1019617.0251,795372.0934
120330028,-1019999.9741,795676.4334
120330029,-1020516.8998,795744.343
120330030,-1020620.1942,795246.437
120814012,-1294721.5515,1273775.6646
120830003,-1102252.2396,1294200.8269
160090011,985624.1285,-1476029.449
160490003,849478.2589,-1443814.7674
170010006,1891.0438,369093.4281
180030014,167731.8777,854937.6186
180390003,228447.8525,783072.9278
180891003,208221.9107,671969.7892
180910012,214899.4023,724628.975
180970042,2879.7915,785378.0842
180970079,31996.1795,799080.8271
181270020,215334.6517,696520.867
181412004,228696.1481,758021.9971
190170011,309786.1848,268114.3691
191530059,178326.2442,189236.3563
212270007,-291419.5465,802746.3436
220518106,-1092467.9714,534865.1183
220718105,-1088801.6282,560979.5566
220718106,-1087818.5497,549957.309
220878103,-1094269.1345,554724.167
221038400,-1055190.2567,569162.6922
295100086,-132363.9913,471404.6566
300630021,917199.0025,-1242300.2958
320030022,-234760.3499,-1589373.0808
350439004,-432580.8867,-916108.9665
350439011,-444609.1457,-917289.9127
360050083,308185.7701,1734761.0081
360610062,290190.4264,1729179.5161
370630001,-308305.4078,1447912.9347
370870010,-420943.7048,1112278.4053
371330005,-416378.3939,1597993.6151
390171004,7434.9351,935666.7673
390930016,242359.0853,1082219.2269
400219002,-459694.8636,86521.0371
400719010,-337385.4577,-86610.7961
400979014,-418379.1923,63655.4357
420110010,219685.6162,1588679.4309
421010136,181876.981,1655042.274
450130007,-724193.8373,1364789.622
450430009,-599964.1466,1468415.4672
450470003,-550629.2655,1202812.9745
450510002,-557470.6217,1497033.221
460990007,393114.6872,-51792.6668
470370025,-392781.2048,786438.9895
471570014,-528046.1543,521541.4348
471570038,-517059.6892,522471.2392
471571004,-495033.0444,529247.7357
490037001,328665.5721,-1257719.5356
490350012,199883.7326,-1255755.0382
511130003,-25166.3703,1432587.8417
540390011,-79823.4947,1171262.4841
560390006,477534.2012,-1117477.5628
720970003,-1930588.373,3030970.446
780300009,-1839599.6599,3250647.1691
DOPA1,28380.6727,-1027410.2289
010970002,-992856.0355,724392.9026
011190002,-817375.3044,697719.5511
051191005,-584450.1813,317709.1124
060852003,5876.7801,-2130771.6805
080070001,-247577.337,-918147.7567
080290004,-74507.7419,-984724.2863
080410008,-88152.4864,-713922.3385
080510007,-68186.4366,-892739.8244
081130004,-165495.3626,-975157.0916
160050015,433529.9613,-1256451.9046
160050018,421979.7784,-1242829.1198
160270008,602547.093,-1571342.9479
160410002,338523.2712,-1226735.3092
160450001,602455.9254,-1536898.1038
171190023,-128946.1353,479031.883
181411008,229029.4129,761984.5204
200910009,-125547.1136,100500.2951
201770010,-106541.9124,25088.0261
201770011,-108622.1086,20479.5807
210370003,-44126.2196,937548.888
210610501,-273683.3382,824065.6278
211250004,-257751.2152,997665.1138
220290003,-924587.4541,411325.0538
220518107,-1101376.9129,533563.1533
220710010,-1096753.7584,543471.6986
220710012,-1092332.1266,544934.9737
220718401,-1095613.0147,549408.7883
220870004,-1097331.0062,561856.0988
260430002,708236.2387,588070.7232
260710001,709144.0453,572478.7102
270530050,558597.1628,202624.895
270530965,559018.7947,204620.3814
270530968,546652.147,205502.7208
280490018,-838101.5014,520738.1425
290190004,-109797.055,299829.9731
290950010,-106117.9926,116122.1929
291370001,-50405.425,340570.8296
291890004,-148657.67,460659.4111
330070014,748740.4587,1834619.694
340155001,169638.7128,1652353.3939
370350006,-373426.6076,1247489.0521
390851001,287851.4982,1145454.1098
391130031,35474.5957,952372.9866
400819005,-480121.2601,-56222.3383
410190002,670267.3187,-2057181.6619
410294001,573763.6888,-2045651.2122
410391007,727432.9278,-2013364.5809
420110009,211814.8912,1590327.1437
421010003,184701.7441,1659060.0877
450030003,-640867.1108,1251016.3347
461030016,473015.1973,-542270.5968
471251010,-338477.2907,744010.9274
471410001,-373375.0883,889040.9711
471570024,-521344.2991,513145.8741
490050005,314570.2431,-1233414.611
490050006,289709.291,-1235658.5507
500010002,647290.9336,1689222.5866
500010003,641486.2462,1692915.7098
517750010,-184095.8966,1325564.0716
550090009,528750.9797,597044.0121
550250048,362168.0825,508930.3745
551350004,503395.3059,520311.6519
CC0110001,1035384.3946,-489421.0334
CC0110002,1033656.149,-482181.3903
BALT1,82730.2833,1554186.6071
COHI1,425196.3912,1484845.5176
OLTO1,851162.3787,2000222.3639
022320002,2636732.3813,-2151038.7539
050930007,-434410.3486,519454.1396
060371601,-431114.2945,-1912942.6795
060510001,-21504.2808,-1889162.3002
060731007,-590607.7071,-1869224.4506
060792002,-237674.8108,-2094961.9091
080510005,-70563.9681,-893735.1375
081070003,105213.9844,-860934.2416
090090018,373306.8215,1798038.8713
120330025,-1022351.5936,802615.3317
120330026,-1010932.5743,790447.4367
130590001,-595128.7066,1103317.0695
160190013,497704.982,-1210753.695
160210002,1125542.6803,-1406446.1173
191532520,187315.2032,186608.2137
220171002,-832161.9634,199794.0275
220518105,-1089550.5753,542878.4885
220550005,-1077379.8619,363933.9481
220718109,-1071085.3617,577349.6733
220718110,-1082664.9873,571903.2135
220758400,-1103478.3972,559887.8002
220890005,-1100628.9882,521669.9786
221038401,-1060284.4441,573589.9867
240030014,45474.4162,1566905.7381
240032002,75839.2955,1572131.2042
245100049,84716.0709,1559720.2312
261450018,450062.0818,911509.3487
261610005,318983.6043,949037.4201
280450001,-1062914.3266,592478.8144
281090001,-1030629.1519,578817.4959
281210001,-840150.4296,525889.6191
281230001,-832429.9642,567235.4779
281490004,-838981.2354,458029.1284
300470013,963915.2744,-1277941.3179
300470028,982794.3418,-1278590.9297
300490019,882366.2636,-1191615.058
300810001,824967.0252,-1310172.0113
300870307,670572.6935,-781220.8013
310250002,96123.7545,-11640.274
311111002,136004.8637,-375665.2543
330110020,584802.3173,1856964.8314
350250007,-782398.4596,-634853.3957
361030001,304161.5945,1773450.1824
370570003,-353079.5641,1334190.7916
370570004,-345411.5885,1337864.3166
370670024,-309850.2973,1328432.5365
371190010,-421988.8693,1295501.6522
380130002,1016541.5765,-469369.4219
380130003,1002830.8787,-455561.3298
390170017,7259.4557,937690.2998
390610041,-31500.2556,930876.6719
400190295,-646770.2808,-98425.5019
400470554,-395690.0166,-159716.4129
400710602,-365234.0025,-91673.1648
410090004,927309.2131,-1931967.7773
410330011,567868.042,-2078200.2267
410430009,811656.7307,-1991941.7732
410650007,877171.5643,-1826824.1917
410670111,896524.2545,-1944709.8681
420030021,158741.8566,1274188.8699
420030116,163407.0362,1262360.7743
420030133,142725.727,1281486.0945
420039002,175530.2357,1283927.2059
420791101,315627.2091,1573507.2118
420990301,205656.4864,1490509.2163
421010020,190004.3281,1653358.1815
480430002,-1039277.7381,-703031.4098
480612002,-1536299.3993,-158390.6434
481130035,-785720.2666,-68359.7834
481130057,-800929.2959,-77767.8036
481133004,-808559.6344,-71621.0051
481390015,-838707.0361,-91728.778
481410055,-862059.8188,-937689.6387
481670014,-1190402.6688,106751.0224
481830001,-844867.4866,115372.1522
482010026,-1130895.5493,81069.5284
482010055,-1143015.9098,46490.0294
482011034,-1134823.1316,72288.4533
482150042,-1515824.0537,-211657.7328
482430004,-1002780.9236,-734495.6765
482450022,-1123054.5367,155814.3496
482570005,-824976.4944,-28381.4919
482730314,-1393699.816,-124151.7259
483030001,-694693.4225,-514735.9038
483390078,-1070415.7367,52909.3749
483611100,-1085583.7739,196709.9634
483750005,-515534.7655,-501886.1847
484393006,-810056.6635,-111348.8255
530050002,904804.9043,-1667931.5694
530070010,1080277.9229,-1729288.957
530470009,1152206.1377,-1669766.371
530630047,1033558.6665,-1504168.634
540550002,-203351.8319,1228881.5328
540890001,-140734.0834,1263124.4342
560330001,581868.1391,-812744.1904
BRET1,-1183355.2917,634855.8424
CHIC1,223973.1932,646488.7089
GRSM9,-416328.4273,1029097.5033
HILL1,-480940.5009,-1468293.5794
HOUS1,-1145630.3517,80932.6254
RUBI1,-446038.5097,-1858487.146
SPOK1,1062925.9132,-1528671.1146
WARI1,115799.8275,-1840932.4406
IA,86742.5395,321418.8366
IL,36765.4519,611029.8386
IN,12186.4769,781577.3685
KS,-3608.0247,36137.0089
KY,-267610.4938,827020.9897
MI,319596.1754,988933.084
MN1,403569.3719,-16431.5098
MN2,457744.3898,328760.2389
MO,-129047.5758,249227.5791
OH1,91729.9225,1176668.8858
OH2,10125.9297,1122883.399
OH3,-35499.522,931135.4184
OK1,-465279.3383,118116.619
WI,410172.6455,566901.9661
010690002,-916790.3108,964278.4455
022320001,2636285.0454,-2151911.8596
040139990,-610461.3853,-1399580.1329
050350004,-522495.6559,501568.0859
051430004,-437332.828,155775.5722
060170011,139041.8473,-1932295.3568
090012124,336205.8145,1756476.5017
090031018,428051.0613,1802432.977
090098003,370329.6942,1793685.058
121130014,-1022230.022,836423.4091
160010021,575137.3169,-1523742.2256
160150002,620296.7449,-1490874.6124
160170005,1081222.4819,-1431095.6955
160190011,492188.6663,-1213723.6139
160270005,571443.5809,-1547766.4136
160290003,398256.459,-1194879.3
160490002,820729.0396,-1456891.9397
160690012,886692.0888,-1507113.8933
170310014,233780.4066,652616.4903
171132002,78690.7342,557218.3575
172010010,272131.0934,535010.5554
190330019,354420.3942,213240.8482
190330020,354092.4725,213673.6436
190630003,377932.5448,90003.3867
191770005,83534.8242,318014.4507
210590014,-214775.6275,736223.7878
240030019,65716.317,1556175.0078
240330002,55232.4229,1550236.5172
270530964,546242.87,208328.4408
290210010,-26579.4762,92982.4243
290470026,-93602.1071,116646.352
290950041,-97803.8296,126816.1597
290970003,-309708.9724,140811.9584
291250001,-183241.4665,353932.2017
291290001,65098.7404,205422.4388
300630012,890501.8645,-1276931.3061
310550051,153930.5536,-9124.4899
310790003,105098.4325,-185136.9353
320030560,-256394.9176,-1611672.117
330090008,690469.0252,1785016.5774
330111010,553720.4712,1867000.8499
350019013,-511302.7162,-923257.4065
360556001,492783.2341,1395997.2223
370250004,-387381.3019,1312711.0805
390350066,251985.5578,1126901.3216
400179001,-485051.2667,-170646.3787
400719003,-369905.5172,-90614.0171
401339006,-540430.6875,-42290.3347
410292129,564283.049,-2050800.9483
410671003,904867.2595,-1953750.6838
421010014,194737.6644,1650534.6125
450150005,-630223.9098,1411787.3701
450750002,-607250.9238,1327994.9232
460930001,483702.3067,-549463.3173
461030013,475432.9454,-546644.042
517600020,-120076.1176,1530658.1869
530110022,929841.2013,-1903608.2877
530251002,1004156.4689,-1647156.5223
530272002,1077842.9823,-1965760.493
530330017,1090215.3194,-1808311.395
530330023,1056263.5386,-1830504.0528
530330037,1111912.1233,-1833686.6355
540690008,109793.8256,1219460.9869
720810001,-1915265.3544,3058744.7944
AMBL1,3969349.9077,-2693949.526
BRLA1,196998.134,-803260.3423
LASU1,83457.0989,318520.3212
ZION1,-146474.7097,-1427351.4049
020680003,3407798.0372,-2563003.5857
021100027,2506974.482,-2160365.4329
050310001,-448749.9499,451322.3365
050510002,-605104.9557,256121.6428
050690006,-637227.9669,344195.4067
050890001,-429191.9822,290201.5278
050910004,-727491.4933,172935.3847
051390005,-747546.384,296184.7123
060250003,-593504.3609,-1721962.6472
060490001,422928.0887,-1901962.9435
080670008,-238584.1463,-989893.6314
080770003,-30339.5304,-1019106.2014
090010113,355764.9592,1779067.7691
090099005,377968.1265,1795167.3992
120571075,-1228922.6594,1287113.3847
160050006,439122.0137,-1256873.8911
160150001,587578.9137,-1487885.6835
160170004,1081490.8439,-1430709.9585
160190010,495560.1164,-1210692.5089
160550006,1020902.1038,-1459039.8131
160550014,1027741.3285,-1469130.0204
160570005,920080.7265,-1496871.3933
160690009,888144.9639,-1508712.6599
160830010,428591.2854,-1413129.6559
160850001,708473.121,-1480511.3102
180190005,-144332.6534,843357.6973
200910008,-120974.3537,105516.9989
211010006,-204555.4071,698629.6992
220330002,-1043010.9652,445324.6195
220790001,-960254.4618,319773.453
250270020,499916.7645,1853437.4003
270376018,531594.5659,231679.9848
271230872,551056.0822,211086.3415
290950037,-105937.4395,115027.9447
290952002,-99539.3942,115700.0197
291895001,-122308.5041,466935.4686
330130003,605776.8193,1845219.1151
330150006,608223.0249,1906754.6805
340130016,287647.2146,1718092.8637
360070009,406421.6946,1550378.2928
360271004,396912.5449,1710036.5467
360470052,281408.3858,1730115.1047
360470076,285435.3068,1732467.9645
360552002,493097.3364,1398973.9026
360590012,304604.9267,1755614.4836
360590013,304382.4709,1767602.7831
360652001,524893.869,1575061.2141
360670019,503480.3998,1506194.9648
360670020,500500.6922,1507172.3263
360810096,298899.6864,1741349.7669
360930003,515507.1824,1678712.9165
370650003,-294230.787,1541580.1093
371270002,-294549.0933,1541824.7147
371390002,-238000.1084,1659336.9602
371830015,-325861.1455,1475307.2336
390350013,253157.2599,1119287.0811
390810016,143927.269,1222168.4296
400310648,-593316.1167,-210571.5355
401090038,-499492.5522,-127530.6593
401179007,-406181.0527,-67245.118
401190614,-431558.9467,-90070.6219
401430131,-430681.6643,12089.6302
410391061,748602.4863,-1999290.4984
410470040,844592.6636,-1975192.3401
410470110,875171.2602,-1952462.4504
410510244,900911.0556,-1934349.5887
410610117,788001.5179,-1614128.5418
420030131,144266.1446,1271590.1657
450790018,-560270.3504,1304699.9259
461030019,475894.0948,-546959.7392
471130004,-463001.0462,614513.755
480290052,-1146840.5895,-238285.4893
480290053,-1152380.6442,-214964.7458
480290060,-1170250.0721,-233394.6262
480391003,-1218871.4236,56413.6207
480550062,-1120004.08,-173897.8279
480850005,-761795.6275,-69711.4831
481410002,-860032.1547,-944739.9358
481410038,-863804.836,-935097.2186
481410045,-849127.5082,-953050.1165
481410057,-871970.6431,-928377.6681
481410058,-845613.8742,-937888.951
481670053,-1176434.0794,100714.8877
481671005,-1163998.1282,83348.0278
482010051,-1150965.8781,48861.5758
482010062,-1150647.6839,68090.0921
483091002,-940120.0365,-108780.6303
484393010,-804644.823,-131037.0931
484790016,-1378073.9394,-335587.0813
490110001,207974.8267,-1251196.5216
490450002,184637.4363,-1302516.2294
515500012,-175354.1586,1647410.6512
516800014,-163829.9751,1396732.0631
530330027,1129858.5181,-1823134.052
530350008,1132147.8797,-1853862.8776
530410008,998521.613,-1924261.5846
530530031,1078618.3973,-1857268.913
530531018,1063491.2588,-1855402.3678
530590002,900823.7571,-1871908.851
550090026,530183.5171,603911.7179
550090028,516876.6937,599060.0662
550250025,360738.2401,506226.3316
550290004,614825.5101,664138.0339
550310025,753813.4673,282320.127
550550008,374220.5729,534534.4458
550790050,370898.6593,610461.8429
550790051,363651.8214,608380.5566
550890008,398626.9261,614731.4829
551050024,299074.375,535029.2963
551330034,359405.3662,594410.1567
551390011,475743.8542,561766.8847
551410016,502521.2672,462644.8748
020200044,3196784.5881,-2757318.312
021700004,3242412.9656,-2754898.116
040139992,-597000.3618,-1421687.4858
040217001,-647353.03,-1389317.1852
051430003,-436635.0057,156312.972
060170012,126079.3352,-1941081.2668
060850004,10373.554,-2132914.456
121031008,-1239961.7691,1250548.1811
160010017,566579.6868,-1518867.8593
160830006,392075.3817,-1465620.4383
180891016,210022.2952,677546.1061
180896000,213433.2691,665209.8655
181570007,83701.8961,726094.1289
191130036,227017.6388,340871.4463
191692530,229138.2561,185531.7168
240330001,44692.3968,1543549.5821
250052004,449756.2808,1937879.1105
250053001,452646.7158,1918777.5796
250170008,550633.6864,1878490.3918
250171102,522049.6754,1872697.3986
250210007,516581.8368,1910447.4332
250272004,535241.1571,1844583.9108
260070005,627727.5387,927650.5958
260550003,572367.1476,773253.8884
300490025,882192.2116,-1190549.5539
310270001,292194.8453,-96344.9431
310310001,341895.2696,-430918.8053
310490001,139576.9578,-510363.9889
320050008,149140.0624,-1927846.7121
320312002,171485.2024,-1922372.8225
330111007,559294.8283,1863773.5235
330135001,607868.7619,1801957.9604
360810094,299434.897,1740009.4412
370810009,-313073.0895,1371067.2969
371290009,-482990.8774,1568810.9784
400390852,-493535.5349,-254362.4842
410030013,812623.5825,-2005377.9283
410330107,585522.1503,-2081949.3332
410370003,499611.0911,-1872145.4321
410619103,780772.0838,-1611542.2336
421010052,183382.6159,1659656.4959
440070020,459220.5463,1896286.8291
440070023,464530.9418,1873293.916
461030017,473448.5786,-546836.2613
470650032,-480742.9072,923696.87
481130020,-810591.6989,-70700.727
481410010,-845111.2538,-936621.4463
483550020,-1351375.5869,-138340.7405
500030005,538401.3124,1732729.9951
500230005,693056.1965,1745920.4158
530010003,987194.4566,-1585625.9785
530110020,900161.8755,-1911864.8072
530150015,970784.286,-1933219.0792
530330021,1104830.1207,-1844858.9249
530450004,1089696.6928,-1908383.7424
530570014,1201413.473,-1815423.8674
530639000,1028965.0497,-1477322.8697
530650004,1132778.3019,-1514616.958
530650009,1101018.0758,-1508750.4805
530710005,872245.1845,-1612219.3311
530750003,924006.9214,-1512228.2403
ARE528,145304.9556,1491511.9031
BVL530,31353.1443,611066.7307
CDZ571,-326108.3696,685183.2986
CTH510,425214.8407,1484825.7088
LIV573,-119923.6261,797605.1736
MKG513,266514.0712,1238720.1231
QAK272,88439.5675,1172769.9575
QAK572,88439.5675,1172769.9575
SIK570,-874953.8421,320753.0537
011030010,-557691.5199,775520.6589
011250003,-717877.9972,748082.4265
021100026,2506156.0319,-2160349.5217
021300008,2131050.3661,-2136531.7906
050010010,-598775.2191,386050.7398
050030004,-754057.8953,357894.0812
050690005,-633775.9125,349076.4545
051390004,-747642.4085,294899.9215
060379002,-356822.2154,-1901016.661
060590001,-454940.731,-1905606.8299
080010001,16176.4932,-718098.3325
080070002,-247765.572,-918429.2084
080310013,6359.2463,-719249.3992
080350003,-19186.3263,-707732.7158
120992003,-1368049.79,1531373.7385
131211001,-643759.9996,1015397.3552
160170001,1081608.8253,-1429466.9473
201770012,-107377.0938,24322.0064
211111041,-149469.1983,836761.1795
220290002,-925285.852,411078.9237
240338001,35169.4548,1545761.3468
245100052,87733.0726,1566888.8726
270353202,685936.8923,119319.8659
270412110,663086.9356,28781.0348
270475401,408322.3459,199598.1568
270611105,806435.4694,176646.675
270674110,568267.0475,71030.0918
271035109,466299.4087,147303.0263
290910003,-324436.5638,361645.0569
300290039,1063644.5147,-1274720.369
330110019,585219.7821,1856448.8081
330150009,608101.0632,1906103.7113
350019004,-511295.7253,-923307.0908
350439001,-436891.4526,-884142.7204
350439003,-444600.7884,-917341.5953
350499002,-408823.1898,-852990.8726
360610010,292573.325,1730061.2783
370350005,-388707.3116,1244832.9441
370811005,-329275.5599,1356286.1604
380350004,880302.3993,-76396.4241
380890002,782577.0579,-487342.7613
380910001,845798.0513,-134778.2379
390932003,245586.2581,1081875.897
391130014,35432.0073,948504.9399
410170113,715023.2312,-1882303.7798
420410100,183822.8059,1497147.3302
440071005,466928.5264,1896374.7454
450190046,-653143.3358,1444718.9389
450630005,-582929.8146,1301377.8235
450910006,-458566.0554,1271325.2002
482010075,-1136604.7318,60271.5161
482011037,-1136797.1449,59242.21
483150050,-803881.3905,151181.8995
484390063,-804373.0102,-130904.3455
484391003,-802564.4995,-118325.581
490353003,169640.5554,-1269281.662
510591004,33411.7739,1528607.4492
530090009,1191463.3172,-1902768.1303
530310003,1178591.0375,-1856275.0606
530330033,1088073.9784,-1843118.1126
530410006,1032438.4756,-1914958.3149
530750004,943719.7257,-1521217.7824
551050002,298365.3759,537336.0641
560131004,383039.1039,-975254.575
GAVMCAAB1EST,1369759.9714,-933445.5883
LOPE1,157295.3192,-1246044.0196
SIK270,-874732.237,320744.3572
040139991,-598366.4537,-1413765.0906
050010001,-601120.402,384786.0074
050030003,-754372.5027,357834.4137
051190003,-577776.1963,325760.6583
060830010,-351667.2559,-2040516.8448
060831007,-278635.8811,-2086637.1217
080310017,6959.1284,-723328.7202
170314006,253204.6263,628832.5256
171610003,180876.1141,429914.6793
250132007,466112.8749,1798807.1611
270530960,553974.6011,203523.3321
270757608,819456.3971,337732.6182
270854301,544367.4209,121272.5679
271112012,731863.6189,30026.7152
271630301,558602.4627,235620.4957
330012003,647487.2013,1843101.0068
350131006,-795182.7627,-963286.1714
360470011,292575.0096,1733205.919
360590011,304045.2188,1755127.0226
360810097,298609.3484,1747128.8604
371190040,-430876.0605,1300076.4639
371550004,-458749.1597,1468469.134
401250054,-515927.6339,-77635.4843
420030097,170351.7537,1250939.2898
421010027,192149.4664,1658489.1729
450290002,-665786.6065,1328985.6297
461030015,481428.9898,-548282.369
470090005,-401273.5066,1027331.4686
483390089,-1070015.7438,53225.2878
490570001,245612.5913,-1251799.0381
530630001,1004654.5701,-1518695.9554
540390009,-90081.6787,1177717.1056
550090025,516836.468,598617.1583
SALM1,704780.7043,-1324522.7123
060531002,-64067.4568,-2132301.2885
060631008,240427.6513,-1946806.6511
060710014,-392440.6748,-1838003.7617
100031011,145148.7011,1619984.1339
131270004,-873554.9059,1313861.4862
170311701,230476.8663,637565.1938
171170002,-49991.6304,501033.3298
210930005,-206859.9539,839437.11
271230021,555120.6661,218338.8279
271230873,552942.9242,221727.3734
290950036,-126051.3951,118338.5429
300290043,1042801.6399,-1274583.8299
340130011,288187.6413,1718221.9471
360050073,301778.1752,1734002.9251
360590005,300644.1755,1760780.6486
371190034,-417772.2178,1304951.0643
400190294,-645413.5627,-97706.1976
410470109,868591.269,-1951605.5862
410610006,788502.3763,-1612518.0146
461030014,473909.2661,-547174.0012
480290034,-1171041.1631,-231518.6184
481410043,-873622.3069,-928848.451
530330004,1112028.1153,-1833624.1313
530770012,969074.5704,-1750018.7678
GAVMCAON1EGB,574653.2143,1210737.0007
GAVMCAON1TOR,516754.9597,1244276.1737
ARCH1,-52297.4145,-1106305.1399
DOLA1,-246781.081,-1879792.2509
GRCA1,-314946.2136,-1366939.4411
ISRO1,897841.0498,483087.3202
JEFF1,-140152.548,1366214.2979
JOTR1,-458978.8968,-1769160.444
LYND1,1261870.9122,-1815050.8318
SAAN1,-757655.7751,-933017.8372
SCOV1,525988.8289,-1283683.7748
SOLA1,137706.8971,-1932325.3159
STPE1,99917.2315,-854211.2466
VOYA1,938709.9214,221781.1607
YELL1,592103.8601,-1071027.4323
